id,name,email,department,role,city,salary,joining_date,active
1,Saket Saurabh,saketsaurabh.2@example.com,Engineering,Lead DevOps Architect,Bengaluru,8450000,2021-08-01,TRUE
2,Priya Nair,priya.nair@example.com,Engineering,Frontend Developer,Kochi,1250000,2022-07-01,TRUE
3,Uttam Kumar,uttam.kumar@example.com,Engineering,Lead Data Science ,Mumbai,11000000,2020-11-20,TRUE
4,Sneha Iyer,sneha.iyer@example.com,HR,HR Manager,Chennai,1300000,2019-01-10,TRUE
5,Preet Sidharth,preet.sidharth@example.com,Sales,Sales Director,Mumbai,21950000,2023-02-06,TRUE
6,Ananya Gupta,ananya.gupta@example.com,Engineering,DevOps Engineer,Pune,1550000,2020-05-25,TRUE
7,Karan Patel,karan.patel@example.com,Finance,Financial Analyst,Ahmedabad,1050000,2021-09-13,FALSE
8,Meera Reddy,meera.reddy@example.com,Data,Data Scientist,Hyderabad,1800000,2022-01-17,TRUE
9,Arjun Das,arjun.das@example.com,Sales,Sales Manager,Kolkata,1400000,2018-06-04,TRUE
10,Isha Kapoor,isha.kapoor@example.com,Marketing,Content Strategist,Delhi,900000,2023-08-21,TRUE
11,Nikhil Joshi,nikhil.joshi@example.com,Engineering,QA Engineer,Pune,1000000,2021-12-01,FALSE
12,Divya Menon,divya.menon@example.com,Marketing,Marketing Manager,Bengaluru,1600000,2019-10-14,TRUE